id_tempo,data,ano_adicao,mes_adicao,nome_mes
1,2008-01-01,2008,1,January
2,2008-02-04,2008,2,February
3,2009-05-05,2009,5,May
4,2009-11-18,2009,11,November
5,2010-11-01,2010,11,November
6,2011-05-17,2011,5,May
7,2011-09-27,2011,9,September
8,2011-10-01,2011,10,October
9,2012-02-21,2012,2,February
10,2012-11-14,2012,11,November
11,2012-12-01,2012,12,December
12,2013-03-31,2013,3,March
13,2013-08-02,2013,8,August
14,2013-09-01,2013,9,September
15,2013-10-08,2013,10,October
16,2013-10-14,2013,10,October
17,2013-11-01,2013,11,November
18,2013-12-12,2013,12,December
19,2013-12-29,2013,12,December
20,2014-01-17,2014,1,January
21,2014-01-24,2014,1,January
22,2014-02-01,2014,2,February
23,2014-02-16,2014,2,February
24,2014-04-01,2014,4,April
25,2014-04-15,2014,4,April
26,2014-06-15,2014,6,June
27,2014-07-11,2014,7,July
28,2014-08-15,2014,8,August
29,2014-09-26,2014,9,September
30,2014-10-10,2014,10,October
31,2014-10-12,2014,10,October
32,2014-10-21,2014,10,October
33,2014-10-24,2014,10,October
34,2014-11-07,2014,11,November
35,2014-11-14,2014,11,November
36,2014-11-19,2014,11,November
37,2014-11-21,2014,11,November
38,2014-12-05,2014,12,December
39,2014-12-12,2014,12,December
40,2014-12-17,2014,12,December
41,2014-12-18,2014,12,December
42,2014-12-19,2014,12,December
43,2015-01-23,2015,1,January
44,2015-02-01,2015,2,February
45,2015-02-13,2015,2,February
46,2015-02-15,2015,2,February
47,2015-02-27,2015,2,February
48,2015-03-06,2015,3,March
49,2015-03-15,2015,3,March
50,2015-03-22,2015,3,March
51,2015-04-16,2015,4,April
52,2015-04-17,2015,4,April
53,2015-04-22,2015,4,April
54,2015-05-10,2015,5,May
55,2015-05-17,2015,5,May
56,2015-05-22,2015,5,May
57,2015-05-29,2015,5,May
58,2015-05-31,2015,5,May
59,2015-06-01,2015,6,June
60,2015-06-15,2015,6,June
61,2015-06-23,2015,6,June
62,2015-06-26,2015,6,June
63,2015-06-29,2015,6,June
64,2015-06-30,2015,6,June
65,2015-07-07,2015,7,July
66,2015-07-10,2015,7,July
67,2015-07-14,2015,7,July
68,2015-07-15,2015,7,July
69,2015-07-17,2015,7,July
70,2015-07-31,2015,7,July
71,2015-08-05,2015,8,August
72,2015-08-14,2015,8,August
73,2015-09-02,2015,9,September
74,2015-09-08,2015,9,September
75,2015-09-15,2015,9,September
76,2015-09-18,2015,9,September
77,2015-09-22,2015,9,September
78,2015-09-29,2015,9,September
79,2015-10-01,2015,10,October
80,2015-10-02,2015,10,October
81,2015-10-09,2015,10,October
82,2015-10-10,2015,10,October
83,2015-10-14,2015,10,October
84,2015-10-16,2015,10,October
85,2015-10-22,2015,10,October
86,2015-10-23,2015,10,October
87,2015-10-25,2015,10,October
88,2015-10-27,2015,10,October
89,2015-10-31,2015,10,October
90,2015-11-03,2015,11,November
91,2015-11-13,2015,11,November
92,2015-11-18,2015,11,November
93,2015-12-01,2015,12,December
94,2015-12-02,2015,12,December
95,2015-12-04,2015,12,December
96,2015-12-09,2015,12,December
97,2015-12-11,2015,12,December
98,2015-12-15,2015,12,December
99,2015-12-17,2015,12,December
100,2015-12-18,2015,12,December
101,2015-12-20,2015,12,December
102,2015-12-25,2015,12,December
103,2015-12-26,2015,12,December
104,2015-12-28,2015,12,December
105,2015-12-31,2015,12,December
106,2016-01-01,2016,1,January
107,2016-01-08,2016,1,January
108,2016-01-13,2016,1,January
109,2016-01-15,2016,1,January
110,2016-01-22,2016,1,January
111,2016-01-23,2016,1,January
112,2016-01-28,2016,1,January
113,2016-02-01,2016,2,February
114,2016-02-04,2016,2,February
115,2016-02-05,2016,2,February
116,2016-02-06,2016,2,February
117,2016-02-08,2016,2,February
118,2016-02-14,2016,2,February
119,2016-02-18,2016,2,February
120,2016-02-19,2016,2,February
121,2016-02-24,2016,2,February
122,2016-02-26,2016,2,February
123,2016-03-01,2016,3,March
124,2016-03-02,2016,3,March
125,2016-03-07,2016,3,March
126,2016-03-09,2016,3,March
127,2016-03-11,2016,3,March
128,2016-03-16,2016,3,March
129,2016-03-18,2016,3,March
130,2016-03-19,2016,3,March
131,2016-03-25,2016,3,March
132,2016-03-31,2016,3,March
133,2016-04-01,2016,4,April
134,2016-04-05,2016,4,April
135,2016-04-08,2016,4,April
136,2016-04-09,2016,4,April
137,2016-04-15,2016,4,April
138,2016-04-17,2016,4,April
139,2016-04-20,2016,4,April
140,2016-04-22,2016,4,April
141,2016-04-25,2016,4,April
142,2016-04-28,2016,4,April
143,2016-04-29,2016,4,April
144,2016-05-01,2016,5,May
145,2016-05-05,2016,5,May
146,2016-05-06,2016,5,May
147,2016-05-08,2016,5,May
148,2016-05-15,2016,5,May
149,2016-05-22,2016,5,May
150,2016-05-23,2016,5,May
151,2016-05-26,2016,5,May
152,2016-05-27,2016,5,May
153,2016-05-28,2016,5,May
154,2016-06-01,2016,6,June
155,2016-06-02,2016,6,June
156,2016-06-03,2016,6,June
157,2016-06-13,2016,6,June
158,2016-06-18,2016,6,June
159,2016-06-20,2016,6,June
160,2016-06-24,2016,6,June
161,2016-06-30,2016,6,June
162,2016-07-01,2016,7,July
163,2016-07-04,2016,7,July
164,2016-07-06,2016,7,July
165,2016-07-07,2016,7,July
166,2016-07-08,2016,7,July
167,2016-07-10,2016,7,July
168,2016-07-14,2016,7,July
169,2016-07-15,2016,7,July
170,2016-07-21,2016,7,July
171,2016-07-24,2016,7,July
172,2016-07-25,2016,7,July
173,2016-07-29,2016,7,July
174,2016-08-01,2016,8,August
175,2016-08-02,2016,8,August
176,2016-08-05,2016,8,August
177,2016-08-11,2016,8,August
178,2016-08-13,2016,8,August
179,2016-08-15,2016,8,August
180,2016-08-19,2016,8,August
181,2016-08-25,2016,8,August
182,2016-08-26,2016,8,August
183,2016-09-01,2016,9,September
184,2016-09-02,2016,9,September
185,2016-09-06,2016,9,September
186,2016-09-07,2016,9,September
187,2016-09-09,2016,9,September
188,2016-09-13,2016,9,September
189,2016-09-15,2016,9,September
190,2016-09-16,2016,9,September
191,2016-09-17,2016,9,September
192,2016-09-19,2016,9,September
193,2016-09-20,2016,9,September
194,2016-09-22,2016,9,September
195,2016-09-23,2016,9,September
196,2016-09-30,2016,9,September
197,2016-10-01,2016,10,October
198,2016-10-04,2016,10,October
199,2016-10-07,2016,10,October
200,2016-10-12,2016,10,October
201,2016-10-13,2016,10,October
202,2016-10-14,2016,10,October
203,2016-10-15,2016,10,October
204,2016-10-16,2016,10,October
205,2016-10-21,2016,10,October
206,2016-10-27,2016,10,October
207,2016-10-28,2016,10,October
208,2016-10-29,2016,10,October
209,2016-11-01,2016,11,November
210,2016-11-02,2016,11,November
211,2016-11-04,2016,11,November
212,2016-11-09,2016,11,November
213,2016-11-10,2016,11,November
214,2016-11-11,2016,11,November
215,2016-11-15,2016,11,November
216,2016-11-17,2016,11,November
217,2016-11-18,2016,11,November
218,2016-11-19,2016,11,November
219,2016-11-21,2016,11,November
220,2016-11-22,2016,11,November
221,2016-11-25,2016,11,November
222,2016-11-30,2016,11,November
223,2016-12-01,2016,12,December
224,2016-12-02,2016,12,December
225,2016-12-03,2016,12,December
226,2016-12-04,2016,12,December
227,2016-12-05,2016,12,December
228,2016-12-06,2016,12,December
229,2016-12-08,2016,12,December
230,2016-12-09,2016,12,December
231,2016-12-10,2016,12,December
232,2016-12-11,2016,12,December
233,2016-12-12,2016,12,December
234,2016-12-13,2016,12,December
235,2016-12-14,2016,12,December
236,2016-12-15,2016,12,December
237,2016-12-16,2016,12,December
238,2016-12-19,2016,12,December
239,2016-12-20,2016,12,December
240,2016-12-21,2016,12,December
241,2016-12-23,2016,12,December
242,2016-12-25,2016,12,December
243,2016-12-26,2016,12,December
244,2016-12-27,2016,12,December
245,2016-12-28,2016,12,December
246,2016-12-30,2016,12,December
247,2016-12-31,2016,12,December
248,2017-01-01,2017,1,January
249,2017-01-03,2017,1,January
250,2017-01-04,2017,1,January
251,2017-01-05,2017,1,January
252,2017-01-06,2017,1,January
253,2017-01-07,2017,1,January
254,2017-01-10,2017,1,January
255,2017-01-12,2017,1,January
256,2017-01-13,2017,1,January
257,2017-01-14,2017,1,January
258,2017-01-15,2017,1,January
259,2017-01-16,2017,1,January
260,2017-01-17,2017,1,January
261,2017-01-18,2017,1,January
262,2017-01-19,2017,1,January
263,2017-01-20,2017,1,January
264,2017-01-23,2017,1,January
265,2017-01-24,2017,1,January
266,2017-01-25,2017,1,January
267,2017-01-26,2017,1,January
268,2017-01-27,2017,1,January
269,2017-01-29,2017,1,January
270,2017-01-31,2017,1,January
271,2017-02-01,2017,2,February
272,2017-02-02,2017,2,February
273,2017-02-03,2017,2,February
274,2017-02-04,2017,2,February
275,2017-02-05,2017,2,February
276,2017-02-07,2017,2,February
277,2017-02-08,2017,2,February
278,2017-02-10,2017,2,February
279,2017-02-11,2017,2,February
280,2017-02-12,2017,2,February
281,2017-02-14,2017,2,February
282,2017-02-15,2017,2,February
283,2017-02-16,2017,2,February
284,2017-02-17,2017,2,February
285,2017-02-19,2017,2,February
286,2017-02-20,2017,2,February
287,2017-02-21,2017,2,February
288,2017-02-22,2017,2,February
289,2017-02-23,2017,2,February
290,2017-02-24,2017,2,February
291,2017-02-25,2017,2,February
292,2017-02-26,2017,2,February
293,2017-02-27,2017,2,February
294,2017-02-28,2017,2,February
295,2017-03-01,2017,3,March
296,2017-03-02,2017,3,March
297,2017-03-03,2017,3,March
298,2017-03-04,2017,3,March
299,2017-03-07,2017,3,March
300,2017-03-08,2017,3,March
301,2017-03-09,2017,3,March
302,2017-03-10,2017,3,March
303,2017-03-14,2017,3,March
304,2017-03-15,2017,3,March
305,2017-03-16,2017,3,March
306,2017-03-17,2017,3,March
307,2017-03-18,2017,3,March
308,2017-03-20,2017,3,March
309,2017-03-21,2017,3,March
310,2017-03-23,2017,3,March
311,2017-03-24,2017,3,March
312,2017-03-28,2017,3,March
313,2017-03-30,2017,3,March
314,2017-03-31,2017,3,March
315,2017-04-01,2017,4,April
316,2017-04-02,2017,4,April
317,2017-04-04,2017,4,April
318,2017-04-06,2017,4,April
319,2017-04-07,2017,4,April
320,2017-04-08,2017,4,April
321,2017-04-10,2017,4,April
322,2017-04-11,2017,4,April
323,2017-04-12,2017,4,April
324,2017-04-14,2017,4,April
325,2017-04-15,2017,4,April
326,2017-04-16,2017,4,April
327,2017-04-18,2017,4,April
328,2017-04-19,2017,4,April
329,2017-04-20,2017,4,April
330,2017-04-21,2017,4,April
331,2017-04-22,2017,4,April
332,2017-04-23,2017,4,April
333,2017-04-25,2017,4,April
334,2017-04-26,2017,4,April
335,2017-04-27,2017,4,April
336,2017-04-28,2017,4,April
337,2017-05-01,2017,5,May
338,2017-05-02,2017,5,May
339,2017-05-04,2017,5,May
340,2017-05-05,2017,5,May
341,2017-05-07,2017,5,May
342,2017-05-08,2017,5,May
343,2017-05-09,2017,5,May
344,2017-05-10,2017,5,May
345,2017-05-12,2017,5,May
346,2017-05-13,2017,5,May
347,2017-05-14,2017,5,May
348,2017-05-15,2017,5,May
349,2017-05-16,2017,5,May
350,2017-05-18,2017,5,May
351,2017-05-19,2017,5,May
352,2017-05-22,2017,5,May
353,2017-05-23,2017,5,May
354,2017-05-25,2017,5,May
355,2017-05-26,2017,5,May
356,2017-05-29,2017,5,May
357,2017-05-30,2017,5,May
358,2017-05-31,2017,5,May
359,2017-06-01,2017,6,June
360,2017-06-02,2017,6,June
361,2017-06-03,2017,6,June
362,2017-06-05,2017,6,June
363,2017-06-08,2017,6,June
364,2017-06-09,2017,6,June
365,2017-06-10,2017,6,June
366,2017-06-13,2017,6,June
367,2017-06-15,2017,6,June
368,2017-06-16,2017,6,June
369,2017-06-17,2017,6,June
370,2017-06-19,2017,6,June
371,2017-06-20,2017,6,June
372,2017-06-21,2017,6,June
373,2017-06-22,2017,6,June
374,2017-06-23,2017,6,June
375,2017-06-24,2017,6,June
376,2017-06-25,2017,6,June
377,2017-06-26,2017,6,June
378,2017-06-27,2017,6,June
379,2017-06-28,2017,6,June
380,2017-06-30,2017,6,June
381,2017-07-01,2017,7,July
382,2017-07-04,2017,7,July
383,2017-07-06,2017,7,July
384,2017-07-07,2017,7,July
385,2017-07-10,2017,7,July
386,2017-07-12,2017,7,July
387,2017-07-13,2017,7,July
388,2017-07-14,2017,7,July
389,2017-07-15,2017,7,July
390,2017-07-17,2017,7,July
391,2017-07-18,2017,7,July
392,2017-07-19,2017,7,July
393,2017-07-20,2017,7,July
394,2017-07-21,2017,7,July
395,2017-07-24,2017,7,July
396,2017-07-25,2017,7,July
397,2017-07-28,2017,7,July
398,2017-07-30,2017,7,July
399,2017-08-01,2017,8,August
400,2017-08-03,2017,8,August
401,2017-08-04,2017,8,August
402,2017-08-05,2017,8,August
403,2017-08-06,2017,8,August
404,2017-08-07,2017,8,August
405,2017-08-08,2017,8,August
406,2017-08-09,2017,8,August
407,2017-08-10,2017,8,August
408,2017-08-11,2017,8,August
409,2017-08-12,2017,8,August
410,2017-08-13,2017,8,August
411,2017-08-14,2017,8,August
412,2017-08-15,2017,8,August
413,2017-08-16,2017,8,August
414,2017-08-17,2017,8,August
415,2017-08-18,2017,8,August
416,2017-08-19,2017,8,August
417,2017-08-20,2017,8,August
418,2017-08-21,2017,8,August
419,2017-08-22,2017,8,August
420,2017-08-23,2017,8,August
421,2017-08-25,2017,8,August
422,2017-08-26,2017,8,August
423,2017-08-27,2017,8,August
424,2017-08-28,2017,8,August
425,2017-08-29,2017,8,August
426,2017-08-31,2017,8,August
427,2017-09-01,2017,9,September
428,2017-09-02,2017,9,September
429,2017-09-04,2017,9,September
430,2017-09-05,2017,9,September
431,2017-09-06,2017,9,September
432,2017-09-07,2017,9,September
433,2017-09-08,2017,9,September
434,2017-09-11,2017,9,September
435,2017-09-12,2017,9,September
436,2017-09-13,2017,9,September
437,2017-09-15,2017,9,September
438,2017-09-17,2017,9,September
439,2017-09-18,2017,9,September
440,2017-09-19,2017,9,September
441,2017-09-22,2017,9,September
442,2017-09-24,2017,9,September
443,2017-09-25,2017,9,September
444,2017-09-26,2017,9,September
445,2017-09-27,2017,9,September
446,2017-09-28,2017,9,September
447,2017-09-29,2017,9,September
448,2017-09-30,2017,9,September
449,2017-10-01,2017,10,October
450,2017-10-02,2017,10,October
451,2017-10-03,2017,10,October
452,2017-10-05,2017,10,October
453,2017-10-06,2017,10,October
454,2017-10-07,2017,10,October
455,2017-10-10,2017,10,October
456,2017-10-12,2017,10,October
457,2017-10-13,2017,10,October
458,2017-10-14,2017,10,October
459,2017-10-15,2017,10,October
460,2017-10-16,2017,10,October
461,2017-10-17,2017,10,October
462,2017-10-18,2017,10,October
463,2017-10-19,2017,10,October
464,2017-10-20,2017,10,October
465,2017-10-21,2017,10,October
466,2017-10-22,2017,10,October
467,2017-10-23,2017,10,October
468,2017-10-24,2017,10,October
469,2017-10-25,2017,10,October
470,2017-10-26,2017,10,October
471,2017-10-27,2017,10,October
472,2017-10-28,2017,10,October
473,2017-10-30,2017,10,October
474,2017-10-31,2017,10,October
475,2017-11-01,2017,11,November
476,2017-11-03,2017,11,November
477,2017-11-04,2017,11,November
478,2017-11-05,2017,11,November
479,2017-11-06,2017,11,November
480,2017-11-07,2017,11,November
481,2017-11-10,2017,11,November
482,2017-11-11,2017,11,November
483,2017-11-12,2017,11,November
484,2017-11-13,2017,11,November
485,2017-11-14,2017,11,November
486,2017-11-15,2017,11,November
487,2017-11-16,2017,11,November
488,2017-11-17,2017,11,November
489,2017-11-18,2017,11,November
490,2017-11-21,2017,11,November
491,2017-11-22,2017,11,November
492,2017-11-23,2017,11,November
493,2017-11-24,2017,11,November
494,2017-11-27,2017,11,November
495,2017-11-30,2017,11,November
496,2017-12-01,2017,12,December
497,2017-12-02,2017,12,December
498,2017-12-05,2017,12,December
499,2017-12-06,2017,12,December
500,2017-12-07,2017,12,December
501,2017-12-08,2017,12,December
502,2017-12-11,2017,12,December
503,2017-12-12,2017,12,December
504,2017-12-14,2017,12,December
505,2017-12-15,2017,12,December
506,2017-12-16,2017,12,December
507,2017-12-18,2017,12,December
508,2017-12-19,2017,12,December
509,2017-12-20,2017,12,December
510,2017-12-21,2017,12,December
511,2017-12-22,2017,12,December
512,2017-12-23,2017,12,December
513,2017-12-25,2017,12,December
514,2017-12-26,2017,12,December
515,2017-12-27,2017,12,December
516,2017-12-29,2017,12,December
517,2017-12-30,2017,12,December
518,2017-12-31,2017,12,December
519,2018-01-01,2018,1,January
520,2018-01-02,2018,1,January
521,2018-01-05,2018,1,January
522,2018-01-06,2018,1,January
523,2018-01-08,2018,1,January
524,2018-01-09,2018,1,January
525,2018-01-10,2018,1,January
526,2018-01-11,2018,1,January
527,2018-01-12,2018,1,January
528,2018-01-15,2018,1,January
529,2018-01-16,2018,1,January
530,2018-01-17,2018,1,January
531,2018-01-18,2018,1,January
532,2018-01-19,2018,1,January
533,2018-01-20,2018,1,January
534,2018-01-22,2018,1,January
535,2018-01-23,2018,1,January
536,2018-01-24,2018,1,January
537,2018-01-25,2018,1,January
538,2018-01-26,2018,1,January
539,2018-01-28,2018,1,January
540,2018-01-29,2018,1,January
541,2018-01-30,2018,1,January
542,2018-01-31,2018,1,January
543,2018-02-01,2018,2,February
544,2018-02-02,2018,2,February
545,2018-02-04,2018,2,February
546,2018-02-05,2018,2,February
547,2018-02-06,2018,2,February
548,2018-02-08,2018,2,February
549,2018-02-09,2018,2,February
550,2018-02-13,2018,2,February
551,2018-02-14,2018,2,February
552,2018-02-15,2018,2,February
553,2018-02-16,2018,2,February
554,2018-02-17,2018,2,February
555,2018-02-19,2018,2,February
556,2018-02-20,2018,2,February
557,2018-02-21,2018,2,February
558,2018-02-22,2018,2,February
559,2018-02-23,2018,2,February
560,2018-02-24,2018,2,February
561,2018-02-25,2018,2,February
562,2018-02-26,2018,2,February
563,2018-02-27,2018,2,February
564,2018-02-28,2018,2,February
565,2018-03-01,2018,3,March
566,2018-03-02,2018,3,March
567,2018-03-04,2018,3,March
568,2018-03-05,2018,3,March
569,2018-03-06,2018,3,March
570,2018-03-07,2018,3,March
571,2018-03-08,2018,3,March
572,2018-03-09,2018,3,March
573,2018-03-10,2018,3,March
574,2018-03-11,2018,3,March
575,2018-03-12,2018,3,March
576,2018-03-13,2018,3,March
577,2018-03-14,2018,3,March
578,2018-03-15,2018,3,March
579,2018-03-16,2018,3,March
580,2018-03-19,2018,3,March
581,2018-03-20,2018,3,March
582,2018-03-21,2018,3,March
583,2018-03-23,2018,3,March
584,2018-03-24,2018,3,March
585,2018-03-26,2018,3,March
586,2018-03-27,2018,3,March
587,2018-03-28,2018,3,March
588,2018-03-29,2018,3,March
589,2018-03-30,2018,3,March
590,2018-03-31,2018,3,March
591,2018-04-01,2018,4,April
592,2018-04-02,2018,4,April
593,2018-04-03,2018,4,April
594,2018-04-04,2018,4,April
595,2018-04-05,2018,4,April
596,2018-04-06,2018,4,April
597,2018-04-07,2018,4,April
598,2018-04-09,2018,4,April
599,2018-04-10,2018,4,April
600,2018-04-12,2018,4,April
601,2018-04-13,2018,4,April
602,2018-04-14,2018,4,April
603,2018-04-15,2018,4,April
604,2018-04-16,2018,4,April
605,2018-04-17,2018,4,April
606,2018-04-18,2018,4,April
607,2018-04-19,2018,4,April
608,2018-04-20,2018,4,April
609,2018-04-24,2018,4,April
610,2018-04-25,2018,4,April
611,2018-04-26,2018,4,April
612,2018-04-27,2018,4,April
613,2018-04-30,2018,4,April
614,2018-05-01,2018,5,May
615,2018-05-02,2018,5,May
616,2018-05-03,2018,5,May
617,2018-05-04,2018,5,May
618,2018-05-05,2018,5,May
619,2018-05-07,2018,5,May
620,2018-05-08,2018,5,May
621,2018-05-11,2018,5,May
622,2018-05-12,2018,5,May
623,2018-05-13,2018,5,May
624,2018-05-15,2018,5,May
625,2018-05-16,2018,5,May
626,2018-05-17,2018,5,May
627,2018-05-18,2018,5,May
628,2018-05-19,2018,5,May
629,2018-05-22,2018,5,May
630,2018-05-24,2018,5,May
631,2018-05-25,2018,5,May
632,2018-05-26,2018,5,May
633,2018-05-27,2018,5,May
634,2018-05-29,2018,5,May
635,2018-05-30,2018,5,May
636,2018-05-31,2018,5,May
637,2018-06-01,2018,6,June
638,2018-06-02,2018,6,June
639,2018-06-04,2018,6,June
640,2018-06-05,2018,6,June
641,2018-06-07,2018,6,June
642,2018-06-08,2018,6,June
643,2018-06-12,2018,6,June
644,2018-06-14,2018,6,June
645,2018-06-15,2018,6,June
646,2018-06-18,2018,6,June
647,2018-06-19,2018,6,June
648,2018-06-20,2018,6,June
649,2018-06-22,2018,6,June
650,2018-06-23,2018,6,June
651,2018-06-24,2018,6,June
652,2018-06-25,2018,6,June
653,2018-06-26,2018,6,June
654,2018-06-27,2018,6,June
655,2018-06-28,2018,6,June
656,2018-06-29,2018,6,June
657,2018-06-30,2018,6,June
658,2018-07-01,2018,7,July
659,2018-07-02,2018,7,July
660,2018-07-03,2018,7,July
661,2018-07-04,2018,7,July
662,2018-07-05,2018,7,July
663,2018-07-06,2018,7,July
664,2018-07-08,2018,7,July
665,2018-07-10,2018,7,July
666,2018-07-11,2018,7,July
667,2018-07-13,2018,7,July
668,2018-07-14,2018,7,July
669,2018-07-15,2018,7,July
670,2018-07-17,2018,7,July
671,2018-07-18,2018,7,July
672,2018-07-19,2018,7,July
673,2018-07-20,2018,7,July
674,2018-07-21,2018,7,July
675,2018-07-22,2018,7,July
676,2018-07-23,2018,7,July
677,2018-07-24,2018,7,July
678,2018-07-25,2018,7,July
679,2018-07-26,2018,7,July
680,2018-07-27,2018,7,July
681,2018-07-28,2018,7,July
682,2018-07-29,2018,7,July
683,2018-07-30,2018,7,July
684,2018-07-31,2018,7,July
685,2018-08-01,2018,8,August
686,2018-08-02,2018,8,August
687,2018-08-03,2018,8,August
688,2018-08-04,2018,8,August
689,2018-08-05,2018,8,August
690,2018-08-08,2018,8,August
691,2018-08-09,2018,8,August
692,2018-08-10,2018,8,August
693,2018-08-13,2018,8,August
694,2018-08-15,2018,8,August
695,2018-08-16,2018,8,August
696,2018-08-17,2018,8,August
697,2018-08-18,2018,8,August
698,2018-08-19,2018,8,August
699,2018-08-20,2018,8,August
700,2018-08-21,2018,8,August
701,2018-08-23,2018,8,August
702,2018-08-24,2018,8,August
703,2018-08-25,2018,8,August
704,2018-08-26,2018,8,August
705,2018-08-27,2018,8,August
706,2018-08-28,2018,8,August
707,2018-08-29,2018,8,August
708,2018-08-30,2018,8,August
709,2018-08-31,2018,8,August
710,2018-09-01,2018,9,September
711,2018-09-02,2018,9,September
712,2018-09-03,2018,9,September
713,2018-09-04,2018,9,September
714,2018-09-05,2018,9,September
715,2018-09-06,2018,9,September
716,2018-09-07,2018,9,September
717,2018-09-08,2018,9,September
718,2018-09-09,2018,9,September
719,2018-09-11,2018,9,September
720,2018-09-12,2018,9,September
721,2018-09-13,2018,9,September
722,2018-09-14,2018,9,September
723,2018-09-15,2018,9,September
724,2018-09-16,2018,9,September
725,2018-09-17,2018,9,September
726,2018-09-18,2018,9,September
727,2018-09-19,2018,9,September
728,2018-09-20,2018,9,September
729,2018-09-21,2018,9,September
730,2018-09-22,2018,9,September
731,2018-09-24,2018,9,September
732,2018-09-25,2018,9,September
733,2018-09-26,2018,9,September
734,2018-09-27,2018,9,September
735,2018-09-28,2018,9,September
736,2018-09-29,2018,9,September
737,2018-09-30,2018,9,September
738,2018-10-01,2018,10,October
739,2018-10-02,2018,10,October
740,2018-10-03,2018,10,October
741,2018-10-04,2018,10,October
742,2018-10-05,2018,10,October
743,2018-10-06,2018,10,October
744,2018-10-08,2018,10,October
745,2018-10-09,2018,10,October
746,2018-10-10,2018,10,October
747,2018-10-11,2018,10,October
748,2018-10-12,2018,10,October
749,2018-10-13,2018,10,October
750,2018-10-15,2018,10,October
751,2018-10-16,2018,10,October
752,2018-10-17,2018,10,October
753,2018-10-18,2018,10,October
754,2018-10-19,2018,10,October
755,2018-10-20,2018,10,October
756,2018-10-21,2018,10,October
757,2018-10-22,2018,10,October
758,2018-10-23,2018,10,October
759,2018-10-24,2018,10,October
760,2018-10-25,2018,10,October
761,2018-10-26,2018,10,October
762,2018-10-27,2018,10,October
763,2018-10-28,2018,10,October
764,2018-10-29,2018,10,October
765,2018-10-30,2018,10,October
766,2018-10-31,2018,10,October
767,2018-11-01,2018,11,November
768,2018-11-02,2018,11,November
769,2018-11-03,2018,11,November
770,2018-11-05,2018,11,November
771,2018-11-07,2018,11,November
772,2018-11-08,2018,11,November
773,2018-11-09,2018,11,November
774,2018-11-10,2018,11,November
775,2018-11-12,2018,11,November
776,2018-11-13,2018,11,November
777,2018-11-15,2018,11,November
778,2018-11-16,2018,11,November
779,2018-11-17,2018,11,November
780,2018-11-18,2018,11,November
781,2018-11-20,2018,11,November
782,2018-11-21,2018,11,November
783,2018-11-22,2018,11,November
784,2018-11-23,2018,11,November
785,2018-11-25,2018,11,November
786,2018-11-27,2018,11,November
787,2018-11-28,2018,11,November
788,2018-11-30,2018,11,November
789,2018-12-01,2018,12,December
790,2018-12-02,2018,12,December
791,2018-12-03,2018,12,December
792,2018-12-04,2018,12,December
793,2018-12-05,2018,12,December
794,2018-12-06,2018,12,December
795,2018-12-07,2018,12,December
796,2018-12-08,2018,12,December
797,2018-12-09,2018,12,December
798,2018-12-10,2018,12,December
799,2018-12-11,2018,12,December
800,2018-12-12,2018,12,December
801,2018-12-14,2018,12,December
802,2018-12-15,2018,12,December
803,2018-12-16,2018,12,December
804,2018-12-17,2018,12,December
805,2018-12-18,2018,12,December
806,2018-12-19,2018,12,December
807,2018-12-20,2018,12,December
808,2018-12-21,2018,12,December
809,2018-12-22,2018,12,December
810,2018-12-23,2018,12,December
811,2018-12-24,2018,12,December
812,2018-12-25,2018,12,December
813,2018-12-26,2018,12,December
814,2018-12-27,2018,12,December
815,2018-12-28,2018,12,December
816,2018-12-29,2018,12,December
817,2018-12-30,2018,12,December
818,2018-12-31,2018,12,December
819,2019-01-01,2019,1,January
820,2019-01-02,2019,1,January
821,2019-01-03,2019,1,January
822,2019-01-04,2019,1,January
823,2019-01-05,2019,1,January
824,2019-01-07,2019,1,January
825,2019-01-08,2019,1,January
826,2019-01-09,2019,1,January
827,2019-01-10,2019,1,January
828,2019-01-11,2019,1,January
829,2019-01-12,2019,1,January
830,2019-01-13,2019,1,January
831,2019-01-14,2019,1,January
832,2019-01-15,2019,1,January
833,2019-01-16,2019,1,January
834,2019-01-18,2019,1,January
835,2019-01-19,2019,1,January
836,2019-01-23,2019,1,January
837,2019-01-24,2019,1,January
838,2019-01-25,2019,1,January
839,2019-01-26,2019,1,January
840,2019-01-27,2019,1,January
841,2019-01-28,2019,1,January
842,2019-01-29,2019,1,January
843,2019-01-30,2019,1,January
844,2019-01-31,2019,1,January
845,2019-02-01,2019,2,February
846,2019-02-02,2019,2,February
847,2019-02-03,2019,2,February
848,2019-02-05,2019,2,February
849,2019-02-06,2019,2,February
850,2019-02-07,2019,2,February
851,2019-02-08,2019,2,February
852,2019-02-09,2019,2,February
853,2019-02-11,2019,2,February
854,2019-02-12,2019,2,February
855,2019-02-13,2019,2,February
856,2019-02-14,2019,2,February
857,2019-02-15,2019,2,February
858,2019-02-16,2019,2,February
859,2019-02-17,2019,2,February
860,2019-02-19,2019,2,February
861,2019-02-20,2019,2,February
862,2019-02-21,2019,2,February
863,2019-02-22,2019,2,February
864,2019-02-23,2019,2,February
865,2019-02-24,2019,2,February
866,2019-02-25,2019,2,February
867,2019-02-26,2019,2,February
868,2019-02-27,2019,2,February
869,2019-02-28,2019,2,February
870,2019-03-01,2019,3,March
871,2019-03-02,2019,3,March
872,2019-03-03,2019,3,March
873,2019-03-04,2019,3,March
874,2019-03-05,2019,3,March
875,2019-03-06,2019,3,March
876,2019-03-07,2019,3,March
877,2019-03-08,2019,3,March
878,2019-03-09,2019,3,March
879,2019-03-10,2019,3,March
880,2019-03-11,2019,3,March
881,2019-03-12,2019,3,March
882,2019-03-13,2019,3,March
883,2019-03-14,2019,3,March
884,2019-03-15,2019,3,March
885,2019-03-16,2019,3,March
886,2019-03-17,2019,3,March
887,2019-03-18,2019,3,March
888,2019-03-19,2019,3,March
889,2019-03-20,2019,3,March
890,2019-03-21,2019,3,March
891,2019-03-22,2019,3,March
892,2019-03-23,2019,3,March
893,2019-03-24,2019,3,March
894,2019-03-25,2019,3,March
895,2019-03-26,2019,3,March
896,2019-03-27,2019,3,March
897,2019-03-28,2019,3,March
898,2019-03-29,2019,3,March
899,2019-03-30,2019,3,March
900,2019-03-31,2019,3,March
901,2019-04-01,2019,4,April
902,2019-04-02,2019,4,April
903,2019-04-03,2019,4,April
904,2019-04-04,2019,4,April
905,2019-04-05,2019,4,April
906,2019-04-06,2019,4,April
907,2019-04-07,2019,4,April
908,2019-04-08,2019,4,April
909,2019-04-09,2019,4,April
910,2019-04-10,2019,4,April
911,2019-04-11,2019,4,April
912,2019-04-12,2019,4,April
913,2019-04-13,2019,4,April
914,2019-04-14,2019,4,April
915,2019-04-15,2019,4,April
916,2019-04-16,2019,4,April
917,2019-04-17,2019,4,April
918,2019-04-18,2019,4,April
919,2019-04-19,2019,4,April
920,2019-04-20,2019,4,April
921,2019-04-21,2019,4,April
922,2019-04-22,2019,4,April
923,2019-04-23,2019,4,April
924,2019-04-24,2019,4,April
925,2019-04-25,2019,4,April
926,2019-04-26,2019,4,April
927,2019-04-27,2019,4,April
928,2019-04-28,2019,4,April
929,2019-04-29,2019,4,April
930,2019-04-30,2019,4,April
931,2019-05-01,2019,5,May
932,2019-05-02,2019,5,May
933,2019-05-03,2019,5,May
934,2019-05-05,2019,5,May
935,2019-05-06,2019,5,May
936,2019-05-07,2019,5,May
937,2019-05-08,2019,5,May
938,2019-05-09,2019,5,May
939,2019-05-10,2019,5,May
940,2019-05-11,2019,5,May
941,2019-05-12,2019,5,May
942,2019-05-13,2019,5,May
943,2019-05-14,2019,5,May
944,2019-05-15,2019,5,May
945,2019-05-16,2019,5,May
946,2019-05-17,2019,5,May
947,2019-05-18,2019,5,May
948,2019-05-19,2019,5,May
949,2019-05-20,2019,5,May
950,2019-05-21,2019,5,May
951,2019-05-22,2019,5,May
952,2019-05-23,2019,5,May
953,2019-05-24,2019,5,May
954,2019-05-25,2019,5,May
955,2019-05-26,2019,5,May
956,2019-05-27,2019,5,May
957,2019-05-28,2019,5,May
958,2019-05-30,2019,5,May
959,2019-05-31,2019,5,May
960,2019-06-01,2019,6,June
961,2019-06-02,2019,6,June
962,2019-06-03,2019,6,June
963,2019-06-04,2019,6,June
964,2019-06-05,2019,6,June
965,2019-06-06,2019,6,June
966,2019-06-07,2019,6,June
967,2019-06-08,2019,6,June
968,2019-06-10,2019,6,June
969,2019-06-11,2019,6,June
970,2019-06-12,2019,6,June
971,2019-06-13,2019,6,June
972,2019-06-14,2019,6,June
973,2019-06-15,2019,6,June
974,2019-06-16,2019,6,June
975,2019-06-18,2019,6,June
976,2019-06-19,2019,6,June
977,2019-06-20,2019,6,June
978,2019-06-21,2019,6,June
979,2019-06-22,2019,6,June
980,2019-06-23,2019,6,June
981,2019-06-24,2019,6,June
982,2019-06-25,2019,6,June
983,2019-06-26,2019,6,June
984,2019-06-27,2019,6,June
985,2019-06-28,2019,6,June
986,2019-06-29,2019,6,June
987,2019-06-30,2019,6,June
988,2019-07-01,2019,7,July
989,2019-07-02,2019,7,July
990,2019-07-03,2019,7,July
991,2019-07-04,2019,7,July
992,2019-07-05,2019,7,July
993,2019-07-06,2019,7,July
994,2019-07-07,2019,7,July
995,2019-07-08,2019,7,July
996,2019-07-09,2019,7,July
997,2019-07-11,2019,7,July
998,2019-07-12,2019,7,July
999,2019-07-13,2019,7,July
1000,2019-07-15,2019,7,July
1001,2019-07-16,2019,7,July
1002,2019-07-17,2019,7,July
1003,2019-07-18,2019,7,July
1004,2019-07-19,2019,7,July
1005,2019-07-20,2019,7,July
1006,2019-07-21,2019,7,July
1007,2019-07-22,2019,7,July
1008,2019-07-23,2019,7,July
1009,2019-07-24,2019,7,July
1010,2019-07-25,2019,7,July
1011,2019-07-26,2019,7,July
1012,2019-07-29,2019,7,July
1013,2019-07-30,2019,7,July
1014,2019-07-31,2019,7,July
1015,2019-08-01,2019,8,August
1016,2019-08-02,2019,8,August
1017,2019-08-03,2019,8,August
1018,2019-08-05,2019,8,August
1019,2019-08-06,2019,8,August
1020,2019-08-07,2019,8,August
1021,2019-08-08,2019,8,August
1022,2019-08-09,2019,8,August
1023,2019-08-12,2019,8,August
1024,2019-08-13,2019,8,August
1025,2019-08-14,2019,8,August
1026,2019-08-15,2019,8,August
1027,2019-08-16,2019,8,August
1028,2019-08-20,2019,8,August
1029,2019-08-21,2019,8,August
1030,2019-08-23,2019,8,August
1031,2019-08-24,2019,8,August
1032,2019-08-25,2019,8,August
1033,2019-08-26,2019,8,August
1034,2019-08-27,2019,8,August
1035,2019-08-28,2019,8,August
1036,2019-08-29,2019,8,August
1037,2019-08-30,2019,8,August
1038,2019-08-31,2019,8,August
1039,2019-09-01,2019,9,September
1040,2019-09-04,2019,9,September
1041,2019-09-05,2019,9,September
1042,2019-09-06,2019,9,September
1043,2019-09-09,2019,9,September
1044,2019-09-10,2019,9,September
1045,2019-09-11,2019,9,September
1046,2019-09-12,2019,9,September
1047,2019-09-13,2019,9,September
1048,2019-09-14,2019,9,September
1049,2019-09-15,2019,9,September
1050,2019-09-16,2019,9,September
1051,2019-09-17,2019,9,September
1052,2019-09-18,2019,9,September
1053,2019-09-19,2019,9,September
1054,2019-09-20,2019,9,September
1055,2019-09-21,2019,9,September
1056,2019-09-22,2019,9,September
1057,2019-09-23,2019,9,September
1058,2019-09-24,2019,9,September
1059,2019-09-25,2019,9,September
1060,2019-09-26,2019,9,September
1061,2019-09-27,2019,9,September
1062,2019-09-28,2019,9,September
1063,2019-09-30,2019,9,September
1064,2019-10-01,2019,10,October
1065,2019-10-02,2019,10,October
1066,2019-10-03,2019,10,October
1067,2019-10-04,2019,10,October
1068,2019-10-05,2019,10,October
1069,2019-10-06,2019,10,October
1070,2019-10-07,2019,10,October
1071,2019-10-08,2019,10,October
1072,2019-10-09,2019,10,October
1073,2019-10-10,2019,10,October
1074,2019-10-11,2019,10,October
1075,2019-10-13,2019,10,October
1076,2019-10-14,2019,10,October
1077,2019-10-15,2019,10,October
1078,2019-10-16,2019,10,October
1079,2019-10-17,2019,10,October
1080,2019-10-18,2019,10,October
1081,2019-10-19,2019,10,October
1082,2019-10-21,2019,10,October
1083,2019-10-22,2019,10,October
1084,2019-10-23,2019,10,October
1085,2019-10-24,2019,10,October
1086,2019-10-25,2019,10,October
1087,2019-10-26,2019,10,October
1088,2019-10-27,2019,10,October
1089,2019-10-28,2019,10,October
1090,2019-10-29,2019,10,October
1091,2019-10-30,2019,10,October
1092,2019-10-31,2019,10,October
1093,2019-11-01,2019,11,November
1094,2019-11-02,2019,11,November
1095,2019-11-04,2019,11,November
1096,2019-11-05,2019,11,November
1097,2019-11-06,2019,11,November
1098,2019-11-07,2019,11,November
1099,2019-11-08,2019,11,November
1100,2019-11-09,2019,11,November
1101,2019-11-11,2019,11,November
1102,2019-11-12,2019,11,November
1103,2019-11-13,2019,11,November
1104,2019-11-14,2019,11,November
1105,2019-11-15,2019,11,November
1106,2019-11-16,2019,11,November
1107,2019-11-17,2019,11,November
1108,2019-11-19,2019,11,November
1109,2019-11-20,2019,11,November
1110,2019-11-21,2019,11,November
1111,2019-11-22,2019,11,November
1112,2019-11-23,2019,11,November
1113,2019-11-24,2019,11,November
1114,2019-11-25,2019,11,November
1115,2019-11-26,2019,11,November
1116,2019-11-27,2019,11,November
1117,2019-11-28,2019,11,November
1118,2019-11-29,2019,11,November
1119,2019-11-30,2019,11,November
1120,2019-12-01,2019,12,December
1121,2019-12-02,2019,12,December
1122,2019-12-03,2019,12,December
1123,2019-12-04,2019,12,December
1124,2019-12-05,2019,12,December
1125,2019-12-06,2019,12,December
1126,2019-12-07,2019,12,December
1127,2019-12-08,2019,12,December
1128,2019-12-09,2019,12,December
1129,2019-12-10,2019,12,December
1130,2019-12-11,2019,12,December
1131,2019-12-12,2019,12,December
1132,2019-12-13,2019,12,December
1133,2019-12-15,2019,12,December
1134,2019-12-16,2019,12,December
1135,2019-12-17,2019,12,December
1136,2019-12-18,2019,12,December
1137,2019-12-19,2019,12,December
1138,2019-12-20,2019,12,December
1139,2019-12-21,2019,12,December
1140,2019-12-22,2019,12,December
1141,2019-12-24,2019,12,December
1142,2019-12-25,2019,12,December
1143,2019-12-26,2019,12,December
1144,2019-12-27,2019,12,December
1145,2019-12-28,2019,12,December
1146,2019-12-30,2019,12,December
1147,2019-12-31,2019,12,December
1148,2020-01-01,2020,1,January
1149,2020-01-02,2020,1,January
1150,2020-01-03,2020,1,January
1151,2020-01-04,2020,1,January
1152,2020-01-07,2020,1,January
1153,2020-01-08,2020,1,January
1154,2020-01-09,2020,1,January
1155,2020-01-10,2020,1,January
1156,2020-01-11,2020,1,January
1157,2020-01-12,2020,1,January
1158,2020-01-13,2020,1,January
1159,2020-01-14,2020,1,January
1160,2020-01-15,2020,1,January
1161,2020-01-16,2020,1,January
1162,2020-01-17,2020,1,January
1163,2020-01-18,2020,1,January
1164,2020-01-20,2020,1,January
1165,2020-01-21,2020,1,January
1166,2020-01-22,2020,1,January
1167,2020-01-23,2020,1,January
1168,2020-01-24,2020,1,January
1169,2020-01-25,2020,1,January
1170,2020-01-26,2020,1,January
1171,2020-01-27,2020,1,January
1172,2020-01-29,2020,1,January
1173,2020-01-30,2020,1,January
1174,2020-01-31,2020,1,January
1175,2020-02-01,2020,2,February
1176,2020-02-03,2020,2,February
1177,2020-02-04,2020,2,February
1178,2020-02-05,2020,2,February
1179,2020-02-06,2020,2,February
1180,2020-02-07,2020,2,February
1181,2020-02-08,2020,2,February
1182,2020-02-09,2020,2,February
1183,2020-02-10,2020,2,February
1184,2020-02-11,2020,2,February
1185,2020-02-12,2020,2,February
1186,2020-02-13,2020,2,February
1187,2020-02-14,2020,2,February
1188,2020-02-15,2020,2,February
1189,2020-02-16,2020,2,February
1190,2020-02-17,2020,2,February
1191,2020-02-20,2020,2,February
1192,2020-02-21,2020,2,February
1193,2020-02-22,2020,2,February
1194,2020-02-23,2020,2,February
1195,2020-02-25,2020,2,February
1196,2020-02-26,2020,2,February
1197,2020-02-27,2020,2,February
1198,2020-02-28,2020,2,February
1199,2020-03-01,2020,3,March
1200,2020-03-02,2020,3,March
1201,2020-03-03,2020,3,March
1202,2020-03-04,2020,3,March
1203,2020-03-05,2020,3,March
1204,2020-03-06,2020,3,March
1205,2020-03-08,2020,3,March
1206,2020-03-10,2020,3,March
1207,2020-03-11,2020,3,March
1208,2020-03-13,2020,3,March
1209,2020-03-14,2020,3,March
1210,2020-03-15,2020,3,March
1211,2020-03-16,2020,3,March
1212,2020-03-17,2020,3,March
1213,2020-03-18,2020,3,March
1214,2020-03-19,2020,3,March
1215,2020-03-20,2020,3,March
1216,2020-03-21,2020,3,March
1217,2020-03-22,2020,3,March
1218,2020-03-23,2020,3,March
1219,2020-03-24,2020,3,March
1220,2020-03-25,2020,3,March
1221,2020-03-26,2020,3,March
1222,2020-03-27,2020,3,March
1223,2020-03-28,2020,3,March
1224,2020-03-29,2020,3,March
1225,2020-03-31,2020,3,March
1226,2020-04-01,2020,4,April
1227,2020-04-02,2020,4,April
1228,2020-04-03,2020,4,April
1229,2020-04-04,2020,4,April
1230,2020-04-05,2020,4,April
1231,2020-04-06,2020,4,April
1232,2020-04-07,2020,4,April
1233,2020-04-08,2020,4,April
1234,2020-04-09,2020,4,April
1235,2020-04-10,2020,4,April
1236,2020-04-11,2020,4,April
1237,2020-04-13,2020,4,April
1238,2020-04-14,2020,4,April
1239,2020-04-15,2020,4,April
1240,2020-04-16,2020,4,April
1241,2020-04-17,2020,4,April
1242,2020-04-18,2020,4,April
1243,2020-04-20,2020,4,April
1244,2020-04-21,2020,4,April
1245,2020-04-22,2020,4,April
1246,2020-04-23,2020,4,April
1247,2020-04-24,2020,4,April
1248,2020-04-25,2020,4,April
1249,2020-04-26,2020,4,April
1250,2020-04-27,2020,4,April
1251,2020-04-28,2020,4,April
1252,2020-04-29,2020,4,April
1253,2020-04-30,2020,4,April
1254,2020-05-01,2020,5,May
1255,2020-05-02,2020,5,May
1256,2020-05-03,2020,5,May
1257,2020-05-04,2020,5,May
1258,2020-05-05,2020,5,May
1259,2020-05-06,2020,5,May
1260,2020-05-07,2020,5,May
1261,2020-05-08,2020,5,May
1262,2020-05-09,2020,5,May
1263,2020-05-11,2020,5,May
1264,2020-05-12,2020,5,May
1265,2020-05-13,2020,5,May
1266,2020-05-14,2020,5,May
1267,2020-05-15,2020,5,May
1268,2020-05-16,2020,5,May
1269,2020-05-17,2020,5,May
1270,2020-05-18,2020,5,May
1271,2020-05-19,2020,5,May
1272,2020-05-20,2020,5,May
1273,2020-05-21,2020,5,May
1274,2020-05-22,2020,5,May
1275,2020-05-23,2020,5,May
1276,2020-05-24,2020,5,May
1277,2020-05-25,2020,5,May
1278,2020-05-26,2020,5,May
1279,2020-05-27,2020,5,May
1280,2020-05-28,2020,5,May
1281,2020-05-29,2020,5,May
1282,2020-05-31,2020,5,May
1283,2020-06-01,2020,6,June
1284,2020-06-02,2020,6,June
1285,2020-06-03,2020,6,June
1286,2020-06-04,2020,6,June
1287,2020-06-05,2020,6,June
1288,2020-06-06,2020,6,June
1289,2020-06-07,2020,6,June
1290,2020-06-08,2020,6,June
1291,2020-06-10,2020,6,June
1292,2020-06-11,2020,6,June
1293,2020-06-12,2020,6,June
1294,2020-06-13,2020,6,June
1295,2020-06-15,2020,6,June
1296,2020-06-16,2020,6,June
1297,2020-06-17,2020,6,June
1298,2020-06-18,2020,6,June
1299,2020-06-19,2020,6,June
1300,2020-06-20,2020,6,June
1301,2020-06-21,2020,6,June
1302,2020-06-22,2020,6,June
1303,2020-06-23,2020,6,June
1304,2020-06-24,2020,6,June
1305,2020-06-25,2020,6,June
1306,2020-06-26,2020,6,June
1307,2020-06-27,2020,6,June
1308,2020-06-28,2020,6,June
1309,2020-06-29,2020,6,June
1310,2020-06-30,2020,6,June
1311,2020-07-01,2020,7,July
1312,2020-07-02,2020,7,July
1313,2020-07-03,2020,7,July
1314,2020-07-04,2020,7,July
1315,2020-07-05,2020,7,July
1316,2020-07-06,2020,7,July
1317,2020-07-07,2020,7,July
1318,2020-07-08,2020,7,July
1319,2020-07-09,2020,7,July
1320,2020-07-10,2020,7,July
1321,2020-07-11,2020,7,July
1322,2020-07-14,2020,7,July
1323,2020-07-15,2020,7,July
1324,2020-07-16,2020,7,July
1325,2020-07-17,2020,7,July
1326,2020-07-18,2020,7,July
1327,2020-07-19,2020,7,July
1328,2020-07-21,2020,7,July
1329,2020-07-22,2020,7,July
1330,2020-07-23,2020,7,July
1331,2020-07-24,2020,7,July
1332,2020-07-25,2020,7,July
1333,2020-07-26,2020,7,July
1334,2020-07-28,2020,7,July
1335,2020-07-29,2020,7,July
1336,2020-07-30,2020,7,July
1337,2020-07-31,2020,7,July
1338,2020-08-01,2020,8,August
1339,2020-08-02,2020,8,August
1340,2020-08-03,2020,8,August
1341,2020-08-04,2020,8,August
1342,2020-08-05,2020,8,August
1343,2020-08-06,2020,8,August
1344,2020-08-07,2020,8,August
1345,2020-08-08,2020,8,August
1346,2020-08-10,2020,8,August
1347,2020-08-11,2020,8,August
1348,2020-08-12,2020,8,August
1349,2020-08-13,2020,8,August
1350,2020-08-14,2020,8,August
1351,2020-08-15,2020,8,August
1352,2020-08-16,2020,8,August
1353,2020-08-17,2020,8,August
1354,2020-08-18,2020,8,August
1355,2020-08-19,2020,8,August
1356,2020-08-20,2020,8,August
1357,2020-08-21,2020,8,August
1358,2020-08-22,2020,8,August
1359,2020-08-23,2020,8,August
1360,2020-08-24,2020,8,August
1361,2020-08-25,2020,8,August
1362,2020-08-26,2020,8,August
1363,2020-08-27,2020,8,August
1364,2020-08-28,2020,8,August
1365,2020-08-29,2020,8,August
1366,2020-08-30,2020,8,August
1367,2020-08-31,2020,8,August
1368,2020-09-01,2020,9,September
1369,2020-09-02,2020,9,September
1370,2020-09-03,2020,9,September
1371,2020-09-04,2020,9,September
1372,2020-09-05,2020,9,September
1373,2020-09-07,2020,9,September
1374,2020-09-08,2020,9,September
1375,2020-09-09,2020,9,September
1376,2020-09-10,2020,9,September
1377,2020-09-11,2020,9,September
1378,2020-09-14,2020,9,September
1379,2020-09-15,2020,9,September
1380,2020-09-16,2020,9,September
1381,2020-09-17,2020,9,September
1382,2020-09-18,2020,9,September
1383,2020-09-19,2020,9,September
1384,2020-09-20,2020,9,September
1385,2020-09-21,2020,9,September
1386,2020-09-22,2020,9,September
1387,2020-09-23,2020,9,September
1388,2020-09-24,2020,9,September
1389,2020-09-25,2020,9,September
1390,2020-09-26,2020,9,September
1391,2020-09-27,2020,9,September
1392,2020-09-28,2020,9,September
1393,2020-09-29,2020,9,September
1394,2020-09-30,2020,9,September
1395,2020-10-01,2020,10,October
1396,2020-10-02,2020,10,October
1397,2020-10-03,2020,10,October
1398,2020-10-04,2020,10,October
1399,2020-10-05,2020,10,October
1400,2020-10-06,2020,10,October
1401,2020-10-07,2020,10,October
1402,2020-10-08,2020,10,October
1403,2020-10-09,2020,10,October
1404,2020-10-11,2020,10,October
1405,2020-10-12,2020,10,October
1406,2020-10-13,2020,10,October
1407,2020-10-14,2020,10,October
1408,2020-10-15,2020,10,October
1409,2020-10-16,2020,10,October
1410,2020-10-17,2020,10,October
1411,2020-10-18,2020,10,October
1412,2020-10-19,2020,10,October
1413,2020-10-20,2020,10,October
1414,2020-10-21,2020,10,October
1415,2020-10-22,2020,10,October
1416,2020-10-23,2020,10,October
1417,2020-10-24,2020,10,October
1418,2020-10-25,2020,10,October
1419,2020-10-26,2020,10,October
1420,2020-10-27,2020,10,October
1421,2020-10-28,2020,10,October
1422,2020-10-29,2020,10,October
1423,2020-10-30,2020,10,October
1424,2020-10-31,2020,10,October
1425,2020-11-01,2020,11,November
1426,2020-11-02,2020,11,November
1427,2020-11-03,2020,11,November
1428,2020-11-04,2020,11,November
1429,2020-11-05,2020,11,November
1430,2020-11-06,2020,11,November
1431,2020-11-10,2020,11,November
1432,2020-11-11,2020,11,November
1433,2020-11-12,2020,11,November
1434,2020-11-13,2020,11,November
1435,2020-11-14,2020,11,November
1436,2020-11-15,2020,11,November
1437,2020-11-16,2020,11,November
1438,2020-11-17,2020,11,November
1439,2020-11-18,2020,11,November
1440,2020-11-19,2020,11,November
1441,2020-11-20,2020,11,November
1442,2020-11-22,2020,11,November
1443,2020-11-23,2020,11,November
1444,2020-11-24,2020,11,November
1445,2020-11-25,2020,11,November
1446,2020-11-26,2020,11,November
1447,2020-11-27,2020,11,November
1448,2020-11-29,2020,11,November
1449,2020-11-30,2020,11,November
1450,2020-12-01,2020,12,December
1451,2020-12-02,2020,12,December
1452,2020-12-03,2020,12,December
1453,2020-12-04,2020,12,December
1454,2020-12-05,2020,12,December
1455,2020-12-07,2020,12,December
1456,2020-12-08,2020,12,December
1457,2020-12-09,2020,12,December
1458,2020-12-10,2020,12,December
1459,2020-12-11,2020,12,December
1460,2020-12-12,2020,12,December
1461,2020-12-13,2020,12,December
1462,2020-12-14,2020,12,December
1463,2020-12-15,2020,12,December
1464,2020-12-16,2020,12,December
1465,2020-12-17,2020,12,December
1466,2020-12-18,2020,12,December
1467,2020-12-19,2020,12,December
1468,2020-12-20,2020,12,December
1469,2020-12-21,2020,12,December
1470,2020-12-22,2020,12,December
1471,2020-12-23,2020,12,December
1472,2020-12-24,2020,12,December
1473,2020-12-25,2020,12,December
1474,2020-12-26,2020,12,December
1475,2020-12-27,2020,12,December
1476,2020-12-28,2020,12,December
1477,2020-12-30,2020,12,December
1478,2020-12-31,2020,12,December
1479,2021-01-01,2021,1,January
1480,2021-01-02,2021,1,January
1481,2021-01-03,2021,1,January
1482,2021-01-04,2021,1,January
1483,2021-01-05,2021,1,January
1484,2021-01-06,2021,1,January
1485,2021-01-07,2021,1,January
1486,2021-01-08,2021,1,January
1487,2021-01-10,2021,1,January
1488,2021-01-11,2021,1,January
1489,2021-01-12,2021,1,January
1490,2021-01-13,2021,1,January
1491,2021-01-14,2021,1,January
1492,2021-01-15,2021,1,January
1493,2021-01-16,2021,1,January
1494,2021-01-18,2021,1,January
1495,2021-01-19,2021,1,January
1496,2021-01-20,2021,1,January
1497,2021-01-21,2021,1,January
1498,2021-01-22,2021,1,January
1499,2021-01-26,2021,1,January
1500,2021-01-27,2021,1,January
1501,2021-01-28,2021,1,January
1502,2021-01-29,2021,1,January
1503,2021-01-31,2021,1,January
1504,2021-02-01,2021,2,February
1505,2021-02-02,2021,2,February
1506,2021-02-03,2021,2,February
1507,2021-02-05,2021,2,February
1508,2021-02-06,2021,2,February
1509,2021-02-07,2021,2,February
1510,2021-02-08,2021,2,February
1511,2021-02-09,2021,2,February
1512,2021-02-10,2021,2,February
1513,2021-02-11,2021,2,February
1514,2021-02-12,2021,2,February
1515,2021-02-13,2021,2,February
1516,2021-02-14,2021,2,February
1517,2021-02-15,2021,2,February
1518,2021-02-16,2021,2,February
1519,2021-02-17,2021,2,February
1520,2021-02-18,2021,2,February
1521,2021-02-19,2021,2,February
1522,2021-02-20,2021,2,February
1523,2021-02-21,2021,2,February
1524,2021-02-22,2021,2,February
1525,2021-02-23,2021,2,February
1526,2021-02-24,2021,2,February
1527,2021-02-25,2021,2,February
1528,2021-02-26,2021,2,February
1529,2021-02-28,2021,2,February
1530,2021-03-01,2021,3,March
1531,2021-03-02,2021,3,March
1532,2021-03-03,2021,3,March
1533,2021-03-04,2021,3,March
1534,2021-03-05,2021,3,March
1535,2021-03-06,2021,3,March
1536,2021-03-08,2021,3,March
1537,2021-03-09,2021,3,March
1538,2021-03-10,2021,3,March
1539,2021-03-11,2021,3,March
1540,2021-03-12,2021,3,March
1541,2021-03-14,2021,3,March
1542,2021-03-15,2021,3,March
1543,2021-03-16,2021,3,March
1544,2021-03-17,2021,3,March
1545,2021-03-18,2021,3,March
1546,2021-03-19,2021,3,March
1547,2021-03-20,2021,3,March
1548,2021-03-22,2021,3,March
1549,2021-03-23,2021,3,March
1550,2021-03-24,2021,3,March
1551,2021-03-25,2021,3,March
1552,2021-03-26,2021,3,March
1553,2021-03-28,2021,3,March
1554,2021-03-29,2021,3,March
1555,2021-03-30,2021,3,March
1556,2021-03-31,2021,3,March
1557,2021-04-01,2021,4,April
1558,2021-04-02,2021,4,April
1559,2021-04-03,2021,4,April
1560,2021-04-04,2021,4,April
1561,2021-04-05,2021,4,April
1562,2021-04-06,2021,4,April
1563,2021-04-07,2021,4,April
1564,2021-04-08,2021,4,April
1565,2021-04-09,2021,4,April
1566,2021-04-10,2021,4,April
1567,2021-04-11,2021,4,April
1568,2021-04-12,2021,4,April
1569,2021-04-13,2021,4,April
1570,2021-04-14,2021,4,April
1571,2021-04-15,2021,4,April
1572,2021-04-16,2021,4,April
1573,2021-04-17,2021,4,April
1574,2021-04-19,2021,4,April
1575,2021-04-20,2021,4,April
1576,2021-04-21,2021,4,April
1577,2021-04-22,2021,4,April
1578,2021-04-23,2021,4,April
1579,2021-04-24,2021,4,April
1580,2021-04-27,2021,4,April
1581,2021-04-28,2021,4,April
1582,2021-04-29,2021,4,April
1583,2021-04-30,2021,4,April
1584,2021-05-01,2021,5,May
1585,2021-05-04,2021,5,May
1586,2021-05-05,2021,5,May
1587,2021-05-06,2021,5,May
1588,2021-05-07,2021,5,May
1589,2021-05-08,2021,5,May
1590,2021-05-09,2021,5,May
1591,2021-05-10,2021,5,May
1592,2021-05-11,2021,5,May
1593,2021-05-12,2021,5,May
1594,2021-05-13,2021,5,May
1595,2021-05-14,2021,5,May
1596,2021-05-15,2021,5,May
1597,2021-05-16,2021,5,May
1598,2021-05-18,2021,5,May
1599,2021-05-19,2021,5,May
1600,2021-05-20,2021,5,May
1601,2021-05-21,2021,5,May
1602,2021-05-22,2021,5,May
1603,2021-05-23,2021,5,May
1604,2021-05-24,2021,5,May
1605,2021-05-25,2021,5,May
1606,2021-05-26,2021,5,May
1607,2021-05-27,2021,5,May
1608,2021-05-28,2021,5,May
1609,2021-05-29,2021,5,May
1610,2021-05-30,2021,5,May
1611,2021-05-31,2021,5,May
1612,2021-06-02,2021,6,June
1613,2021-06-03,2021,6,June
1614,2021-06-04,2021,6,June
1615,2021-06-05,2021,6,June
1616,2021-06-06,2021,6,June
1617,2021-06-07,2021,6,June
1618,2021-06-08,2021,6,June
1619,2021-06-09,2021,6,June
1620,2021-06-10,2021,6,June
1621,2021-06-11,2021,6,June
1622,2021-06-12,2021,6,June
1623,2021-06-13,2021,6,June
1624,2021-06-14,2021,6,June
1625,2021-06-15,2021,6,June
1626,2021-06-16,2021,6,June
1627,2021-06-17,2021,6,June
1628,2021-06-18,2021,6,June
1629,2021-06-19,2021,6,June
1630,2021-06-20,2021,6,June
1631,2021-06-21,2021,6,June
1632,2021-06-22,2021,6,June
1633,2021-06-23,2021,6,June
1634,2021-06-24,2021,6,June
1635,2021-06-25,2021,6,June
1636,2021-06-26,2021,6,June
1637,2021-06-28,2021,6,June
1638,2021-06-29,2021,6,June
1639,2021-06-30,2021,6,June
1640,2021-07-01,2021,7,July
1641,2021-07-02,2021,7,July
1642,2021-07-03,2021,7,July
1643,2021-07-04,2021,7,July
1644,2021-07-06,2021,7,July
1645,2021-07-07,2021,7,July
1646,2021-07-08,2021,7,July
1647,2021-07-09,2021,7,July
1648,2021-07-10,2021,7,July
1649,2021-07-12,2021,7,July
1650,2021-07-13,2021,7,July
1651,2021-07-14,2021,7,July
1652,2021-07-15,2021,7,July
1653,2021-07-16,2021,7,July
1654,2021-07-17,2021,7,July
1655,2021-07-19,2021,7,July
1656,2021-07-20,2021,7,July
1657,2021-07-21,2021,7,July
1658,2021-07-22,2021,7,July
1659,2021-07-23,2021,7,July
1660,2021-07-24,2021,7,July
1661,2021-07-26,2021,7,July
1662,2021-07-27,2021,7,July
1663,2021-07-28,2021,7,July
1664,2021-07-29,2021,7,July
1665,2021-07-30,2021,7,July
1666,2021-07-31,2021,7,July
1667,2021-08-01,2021,8,August
1668,2021-08-03,2021,8,August
1669,2021-08-04,2021,8,August
1670,2021-08-05,2021,8,August
1671,2021-08-06,2021,8,August
1672,2021-08-07,2021,8,August
1673,2021-08-08,2021,8,August
1674,2021-08-09,2021,8,August
1675,2021-08-10,2021,8,August
1676,2021-08-11,2021,8,August
1677,2021-08-12,2021,8,August
1678,2021-08-13,2021,8,August
1679,2021-08-15,2021,8,August
1680,2021-08-16,2021,8,August
1681,2021-08-18,2021,8,August
1682,2021-08-19,2021,8,August
1683,2021-08-20,2021,8,August
1684,2021-08-21,2021,8,August
1685,2021-08-23,2021,8,August
1686,2021-08-24,2021,8,August
1687,2021-08-25,2021,8,August
1688,2021-08-26,2021,8,August
1689,2021-08-27,2021,8,August
1690,2021-08-28,2021,8,August
1691,2021-08-29,2021,8,August
1692,2021-08-31,2021,8,August
1693,2021-09-01,2021,9,September
1694,2021-09-02,2021,9,September
1695,2021-09-03,2021,9,September
1696,2021-09-04,2021,9,September
1697,2021-09-05,2021,9,September
1698,2021-09-06,2021,9,September
1699,2021-09-07,2021,9,September
1700,2021-09-08,2021,9,September
1701,2021-09-09,2021,9,September
1702,2021-09-10,2021,9,September
1703,2021-09-11,2021,9,September
1704,2021-09-14,2021,9,September
1705,2021-09-15,2021,9,September
1706,2021-09-16,2021,9,September
1707,2021-09-17,2021,9,September
1708,2021-09-19,2021,9,September
1709,2021-09-20,2021,9,September
1710,2021-09-21,2021,9,September
1711,2021-09-22,2021,9,September
1712,2021-09-23,2021,9,September
1713,2021-09-24,2021,9,September
1714,2021-09-25,2021,9,September
